uuid,title,url,creator,license,license_url,license_version,thumbnail_url
0f5b5906385c4e11a3f6715d4b4160b6,Mountain Landscape with People Riding Horses,https://live.staticflickr.com/8886/17909258850_bba8a27994_b.jpg,Image Catalog,cc0,https://creativecommons.org/publicdomain/zero/1.0/,1.0,https://api.openverse.engineering/v1/images/0f5b5906-385c-4e11-a3f6-715d4b4160b6/thumb/
4782a48bc685405ba6b6454af09f1ef7,Local People Simien Mountains National Park Ethiopian Highlands,https://live.staticflickr.com/690/32972962592_97d0c55507_b.jpg,Leonard A. Floyd,cc0,https://creativecommons.org/publicdomain/zero/1.0/,1.0,https://api.openverse.engineering/v1/images/4782a48b-c685-405b-a6b6-454af09f1ef7/thumb/
a72c20a01e0740b89d44a8b808572f6f,File:Water container Papua New Guinea Washkuk Mountains Kwoma people Honolulu Academy of Arts.JPG,https://upload.wikimedia.org/wikipedia/commons/b/b2/Water_container%2C_Papua_New_Guinea%2C_Washkuk_Mountains%2C_Kwoma_people%2C_Honolulu_Academy_of_Arts.JPG,Haa900,cc0,http://creativecommons.org/publicdomain/zero/1.0/deed.en,1.0,https://api.openverse.engineering/v1/images/a72c20a0-1e07-40b8-9d44-a8b808572f6f/thumb/
6a24fba622594e4da5b9d927de929c1a,landscape-mountains-nature-people,https://live.staticflickr.com/1520/24216397892_b316d25c28_b.jpg,pixellaphoto,cc0,https://creativecommons.org/publicdomain/zero/1.0/,1.0,https://api.openverse.engineering/v1/images/6a24fba6-2259-4e4d-a5b9-d927de929c1a/thumb/
06d4d8a0ff2149b4be15d4b1c2df8276,People Mountain,https://cdn.stocksnap.io/img-thumbs/960w/XFIQRBF2SK.jpg,Tim Sullivan,cc0,https://creativecommons.org/publicdomain/zero/1.0/,1.0,https://api.openverse.engineering/v1/images/06d4d8a0-ff21-49b4-be15-d4b1c2df8276/thumb/
7f6960fe4e254fa098f99507341967cd,landscape-mountains-people-rocks,https://live.staticflickr.com/1444/24217238312_729de6c292_b.jpg,pixellaphoto,cc0,https://creativecommons.org/publicdomain/zero/1.0/,1.0,https://api.openverse.engineering/v1/images/7f6960fe-4e25-4fa0-98f9-9507341967cd/thumb/
3a539dd8e3b6412ab94d972008d556d3,mountains-sky-sunny-people,https://live.staticflickr.com/1541/24326745275_d26be1866b_b.jpg,pixellaphoto,cc0,https://creativecommons.org/publicdomain/zero/1.0/,1.0,https://api.openverse.engineering/v1/images/3a539dd8-e3b6-412a-b94d-972008d556d3/thumb/
9b3ca18967cc47148970ddff1aec5c58,Yi People in the Mountain Area,https://live.staticflickr.com/5324/9958503033_a5b0c87026_b.jpg,Gary Lee Todd Ph.D.,cc0,https://creativecommons.org/publicdomain/zero/1.0/,1.0,https://api.openverse.engineering/v1/images/9b3ca189-67cc-4714-8970-ddff1aec5c58/thumb/
13c15e23d78d4597ba38c67e379e3720,Mountaineer People,https://cdn.stocksnap.io/img-thumbs/960w/K4XY1GNKCJ.jpg,Sebastian Voortman,cc0,https://creativecommons.org/publicdomain/zero/1.0/,1.0,https://api.openverse.engineering/v1/images/13c15e23-d78d-4597-ba38-c67e379e3720/thumb/
69030356958f4469924428c4a9071d26,Mountain People,https://cdn.stocksnap.io/img-thumbs/960w/A931UGYSN9.jpg,Noah Silliman,cc0,https://creativecommons.org/publicdomain/zero/1.0/,1.0,https://api.openverse.engineering/v1/images/69030356-958f-4469-9244-28c4a9071d26/thumb/
51e6c3c04a7a4e328307976974486979,People Mountain,https://cdn.stocksnap.io/img-thumbs/960w/EJX1UL9JL5.jpg,Matt Sclarandis,cc0,https://creativecommons.org/publicdomain/zero/1.0/,1.0,https://api.openverse.engineering/v1/images/51e6c3c0-4a7a-4e32-8307-976974486979/thumb/
99594e6ab6e14c8cb55e13db3a63cf0c,Free people hiking mountain image,https://images.rawpixel.com/image_1300/czNmcy1wcml2YXRlL3Jhd3BpeGVsX2ltYWdlcy93ZWJzaXRlX2NvbnRlbnQvbHIvcHgxMTgxMTEwLWltYWdlLWt3dnkyeHA0LmpwZw.jpg,null,cc0,https://creativecommons.org/publicdomain/zero/1.0/,1.0,https://api.openverse.engineering/v1/images/99594e6a-b6e1-4c8c-b55e-13db3a63cf0c/thumb/
b6aeedaf51394a4cb960ee8f031cd677,Free people climbing mountain cliff,https://images.rawpixel.com/image_1300/czNmcy1wcml2YXRlL3Jhd3BpeGVsX2ltYWdlcy93ZWJzaXRlX2NvbnRlbnQvbHIvcHg2NDEyNTgtaW1hZ2Uta3d2eGxidWMuanBn.jpg,null,cc0,https://creativecommons.org/publicdomain/zero/1.0/,1.0,https://api.openverse.engineering/v1/images/b6aeedaf-5139-4a4c-b960-ee8f031cd677/thumb/
3f439fd4eb7d4cd1a9bc446bb4b62c2e,Free people hiking on mountain,https://images.rawpixel.com/image_1300/czNmcy1wcml2YXRlL3Jhd3BpeGVsX2ltYWdlcy93ZWJzaXRlX2NvbnRlbnQvbHIvaXMyMzg0NS1pbWFnZS1rd3Z5ZHJ2MS5qcGc.jpg,null,cc0,https://creativecommons.org/publicdomain/zero/1.0/,1.0,https://api.openverse.engineering/v1/images/3f439fd4-eb7d-4cd1-a9bc-446bb4b62c2e/thumb/
914d3925066745e0b2c1447ff8f87ad8,People playing volleyball on mountain,https://images.rawpixel.com/image_1300/czNmcy1wcml2YXRlL3Jhd3BpeGVsX2ltYWdlcy93ZWJzaXRlX2NvbnRlbnQvbHIvZmw0MDI5NDI3NDMzMS1pbWFnZS1rencyYnpxMi5qcGc.jpg,U.S. Agency for International Development,cc0,https://creativecommons.org/publicdomain/zero/1.0/,1.0,https://api.openverse.engineering/v1/images/914d3925-0667-45e0-b2c1-447ff8f87ad8/thumb/
903b062d031b40afbf59b7f2e3ebed20,Several people on a mountain,https://images.rawpixel.com/image_1300/cHJpdmF0ZS9sci9pbWFnZXMvd2Vic2l0ZS8yMDIyLTA1L3Vwd2s2MTgyMjU5My13aWtpbWVkaWEtaW1hZ2Uta293YXB4MDEuanBn.jpg,null,cc0,https://creativecommons.org/publicdomain/zero/1.0/,1.0,https://api.openverse.engineering/v1/images/903b062d-031b-40af-bf59-b7f2e3ebed20/thumb/
28b905bd87454cccb7050ec4d86d2180,File:Landscape-mountains-people-rocks (24217238312).jpg,https://upload.wikimedia.org/wikipedia/commons/b/b0/Landscape-mountains-people-rocks_%2824217238312%29.jpg,www.Pixel.la Free Stock Photos,cc0,https://creativecommons.org/publicdomain/zero/1.0/deed.en,1.0,https://api.openverse.engineering/v1/images/28b905bd-8745-4ccc-b705-0ec4d86d2180/thumb/
f2c46bae54bc44ceaf4bb457b101da01,File:Landscape-mountains-nature-people (24216397892).jpg,https://upload.wikimedia.org/wikipedia/commons/d/d1/Landscape-mountains-nature-people_%2824216397892%29.jpg,www.Pixel.la Free Stock Photos,cc0,https://creativecommons.org/publicdomain/zero/1.0/deed.en,1.0,https://api.openverse.engineering/v1/images/f2c46bae-54bc-44ce-af4b-b457b101da01/thumb/
12c95c98b4b2437eadcd1958890c57a6,File:Toho (mountain lion) kachina Arizona Hopi people Honolulu Museum of Art.JPG,https://upload.wikimedia.org/wikipedia/commons/0/0d/Toho_%28mountain_lion%29_kachina%2C_Arizona%2C_Hopi_people%2C_Honolulu_Museum_of_Art.JPG,Hiart,cc0,https://creativecommons.org/publicdomain/zero/1.0/deed.en,1.0,https://api.openverse.engineering/v1/images/12c95c98-b4b2-437e-adcd-1958890c57a6/thumb/
93d9f209f7a8411f821981dbe23f177e,Free people skiing down a mountain,https://images.rawpixel.com/image_1300/czNmcy1wcml2YXRlL3Jhd3BpeGVsX2ltYWdlcy93ZWJzaXRlX2NvbnRlbnQvbHIvZnJlZXJhbmdlcGV4ZWxzMDYzMjEtaW1hZ2Uta3d2eWlubWwuanBn.jpg,null,cc0,https://creativecommons.org/publicdomain/zero/1.0/,1.0,https://api.openverse.engineering/v1/images/93d9f209-f7a8-411f-8219-81dbe23f177e/thumb/
